claim_id,claim,evidence_kind,argument,implementation_or_test,primary_results,boundary
strict-equivalence,Publication/retirement/acknowledgement iff all legal cuts are safe,written-proof,docs/theorems.md sections 1-4,src/checker.py;src/medium.py;src/oracle.py,results/census/graphs.jsonl,Finite serial atomic-record strict latest-root model
scalar-aggregation,Pairwise threatened-root inequalities equal one last-user maximum,written-proof+finite-check,docs/theorems.md section 9,src/checker.py;tests/test_release_hardening.py,results/scaling/policy-metrics.jsonl,No generic antichain or unconditional speedup claim
positive-certificate,Canonical maximum-root certificate rows are compared exactly against the parsed trace,written-argument+executable-check,docs/theorems.md section 4;docs/formats.md,src/verifier.py;tests/test_artifact.py;tests/test_targeted_contracts.py,results/census/graphs.jsonl,"Same-project code separation, not independent-team or machine proof"
minimum-cut,Candidate closure family contains a globally cardinality-minimum strict bad cut,written-proof+finite-check,docs/theorems.md,src/checker.py;src/oracle.py,results/census/graphs.jsonl;results/heldout/variants.jsonl,"Minimizes durable events, not trace length or time"
fallback-hardness,Unbounded-candidate universal fallback acknowledgement safety is coNP-complete,written-proof+reduction-check,docs/theorems.md section 7,src/fallback.py,results/fallback/truth-table.jsonl,"Unbounded explicit model, not fixed double-superblock hardness"
fixed-fallback,Fixed candidate enumeration is exact with globally minimum canonical violating cut,written-proof+finite-check,docs/theorems.md section 8,src/fallback.py;tests/test_targeted_contracts.py,results/fallback/fixed-candidate.jsonl,Minimum across all acknowledgements; budget exhaustion unknown; no FPT claim
quiescent-reclaim,Removing selected-root-unreachable records preserves successful recovery,written-proof+byte-check,docs/theorems.md section 6,src/medium.py,results/scaling/recovery.jsonl;results/public/recovery.jsonl,"Quiescent, no pinned old roots or concurrent clients"
costs,Deduplication reduces repeated chunk bytes but encoding overhead remains,measured-model-cost,paper evaluation in the complete project,src/engine.py;scripts/aggregate.py,results/scaling/policy-metrics.jsonl;results/public/policy-metrics.jsonl,Compact JSON descriptor + one separator + raw data payload; not full wire JSON or device I/O
posix,Ordered file example recovers; early reuse has two stale-generation failures,process-illustration,docs/trust-boundaries.md,src/posix_harness.py,results/posix-smoke.json,CURRENT selection and post-helper termination only; not theorem refinement
complete-bindings,Both parsers check existing forward allocations after indexing the complete trace,directed-reproduction+regression,docs/contract-validation.md,src/model.py;src/verifier.py;tests/test_targeted_contracts.py,results/targeted/binding-minimum-format-before.json;results/targeted/binding-minimum-format-after.json,True missing allocations stay admitted-unsafe; valid forward allocations stay admissible; not a refutation of strict P/D/A
multi-ack-minimum,A no-candidate-root acknowledgement contributes a closure without ending the global minimum search,directed-reproduction+regression,docs/theorems.md section 8;docs/contract-validation.md,src/fallback.py;tests/test_targeted_contracts.py,results/targeted/binding-minimum-format-before.json;results/targeted/binding-minimum-format-after.json,Incomplete budgeted search returns unknown with no minimum; a retained bad_cut is only an incumbent
format-type-errors,Non-string role/kind fields yield controlled parser and CLI outcomes,directed-reproduction+regression,docs/formats.md;docs/contract-validation.md,src/model.py;src/verifier.py;src/medium.py;src/cli.py;tests/test_targeted_contracts.py,results/targeted/binding-minimum-format-before.json;results/targeted/binding-minimum-format-after.json,Small malformed-input cases only; no denial-of-service or arbitrary-parser-completeness claim
